{
  "input": {
    "R": 58.0,
    "EC": 25.0,
    "T": 31.2,
    "H": 68.0,
    "CO2": 1450.0,
    "LUX": 95.0,
    "Sound": 55.0,
    "Soil": 69.0
  },
  "predictions_percentage": {
    "Chuẩn 1": 88.6772232055664,
    "Chuẩn 2": 7.035451412200928,
    "N.Chuẩn 2 - 1": 2.3974835872650146,
    "N.Chuẩn 1 - 1": 1.5690724849700928,
    "Chuẩn 3": 0.3080938160419464,
    "Not A - 3": 0.0036950514186173677,
    "Not A - 1": 0.003464184934273362,
    "N.Chuẩn 3 - 1": 0.003347384976223111,
    "N.Chuẩn 2 - 2": 0.0008259001187980175,
    "N.Chuẩn 3 - 2": 0.0006498057045973837,
    "Not A - 2": 0.0005604459438472986,
    "N.Chuẩn 1 - 2": 0.0001412316778441891
  },
  "top_prediction": {
    "class": "Chuẩn 1",
    "percentage": 88.6772232055664,
    "status": "HEALTHY (Good)"
  },
  "total_percentage": 100.00000851081859
}