{
  "mean": [
    84.36640749148701,
    22.248314415437015,
    29.450590238365496,
    76.19870601589093,
    2494.259875141884,
    187.82974460839955,
    47.500743473325734,
    64.68694097616343
  ],
  "std": [
    47.37610878644863,
    4.565199475460588,
    1.991385902530988,
    9.966799951679432,
    5615.212584122635,
    790.934894868001,
    8.146162502808435,
    8.756491835714456
  ],
  "median": [
    75.375,
    23.11,
    29.58,
    78.935,
    1030.0,
    17.8,
    45.6,
    67.8
  ]
}